operator,name,description,code_block
"c1c","HB Multi-bracket","Implements DEHB's multi-bracket multi-fidelity strategy (Hyperband + Differential Evolution), replacing traditional random/Bayesian sampling with DE for high-quality candidates and leveraging Hyperband's hierarchical resource allocation to screen elites efficiently with limited budget.","from ConfigSpace import ConfigurationSpace, CategoricalHyperparameter; from dehb import DEHB;# Step 1: Core DEHB calling and implementation logic (Hyperband + DE + Multi-fidelity); def run_tuners(file, budget, seed, maxlives): random.seed(seed); independent_set = file.independent_set; used_budget = 0; consecutive_no_improve = 0; best_result = float('inf'); history_configs = {}; # Step 2: Construct ConfigurationSpace (matching independent set, for DEHB's parameter space definition); cs = ConfigurationSpace(seed=seed); for i, values in enumerate(independent_set): param = CategoricalHyperparameter(name=f'param_{i}', choices=values, default_value=values[0]); cs.add(param); dimensions = len(list(cs.values())); # Step 3: Initialize DEHB optimizer (core of Hyperband + DE + Multi-fidelity configuration); dehb = DEHB(cs=cs, dimensions=dimensions, min_fidelity=1, max_fidelity=2, eta=3, seed=seed, n_workers=1, output_path='./dehb_logs'); # Step 4: Iterative DEHB calling loop (ask-tell interface to trigger DE sampling and multi-bracket evaluation); while used_budget < budget and consecutive_no_improve < maxlives: # Ask DEHB for a new candidate config (generated via Differential Evolution); job_info = dehb.ask(); config = job_info['config']; # Convert DEHB config to list format matching evaluation requirement; config_list = [config[f'param_{i}'] for i in range(len(independent_set))]; # Evaluate the config and track budget/performance/non-improvement; ini_consecutive_no_improve = consecutive_no_improve; ini_used_budget = used_budget; used_budget, consecutive_no_improve, history_configs, best_result, score, similar_config = evaluate(used_budget, consecutive_no_improve, history_configs, best_result, config_list); # Skip if evaluation has no effective update; if ini_consecutive_no_improve == consecutive_no_improve - 1 and ini_used_budget == used_budget: continue; # Tell DEHB the evaluation result (to update DE population and Hyperband brackets); dehb.tell(job_info=job_info, result={'fitness': score, 'cost': 1}); # Break loop if budget or non-improvement constraint is hit; if used_budget >= budget or consecutive_no_improve >= maxlives: break; return best_result"
"c1b","HB Multi-bracket","Implements BOHB's multi-bracket multi-fidelity strategy (Hyperband + Bayesian Optimization), combining Hyperband's resource allocation with Bayesian surrogate guidance to screen high-quality configurations efficiently while balancing exploration and exploitation.","from hpbandster.core.nameserver import NameServer; from hpbandster.core.worker import Worker; from hpbandster.optimizers import BOHB; import ConfigSpace as CS; import serpent;# Step 1: Numpy serialization handler for hpbandster/serpent compatibility (resolve numpy type serialization issues); def numpy_serpent_handler(obj, serializer, outputstream, indentlevel): if isinstance(obj, np.integer): serializer._serialize(int(obj), outputstream, indentlevel); elif isinstance(obj, np.floating): serializer._serialize(float(obj), outputstream, indentlevel); elif isinstance(obj, np.ndarray): serializer._serialize(obj.tolist(), outputstream, indentlevel); elif isinstance(obj, np.str_): serializer._serialize(str(obj), outputstream, indentlevel); elif isinstance(obj, np.bool_): serializer._serialize(bool(obj), outputstream, indentlevel); else: raise serpent.Serializer.UnsupportedTypeError; # Register numpy serialization handler; serpent._special_classes_registry[np.integer] = numpy_serpent_handler; serpent._special_classes_registry[np.floating] = numpy_serpent_handler; serpent._special_classes_registry[np.ndarray] = numpy_serpent_handler; serpent._special_classes_registry[np.str_] = numpy_serpent_handler; serpent._special_classes_registry[np.bool_] = numpy_serpent_handler; # Step 2: Custom Worker class (provides configuration space and evaluation logic for BOHB); class MyWorker(Worker): def __init__(self, file, seed,*args, **kwargs): super().__init__(*args, **kwargs); self.file = file; self.seed = seed; self.task_history = []; # Evaluate configuration and record task history; def compute(self, config, budget,** kwargs): config_list = [config[param_name] for param_name in self.file.features]; _, _, _, _, score, similar_config = evaluate(0, 0, {}, 0, config_list); self.task_history.append( (similar_config, score) ); return {'loss': score}; # Construct categorical configuration space matching independent set (for BOHB's Bayesian sampling); def get_configspace(self): cs = CS.ConfigurationSpace(seed=self.seed); for idx, (param_name, param_values) in enumerate(zip(self.file.features, self.file.independent_set)): valid_values = [v for v in param_values]; unique_values = list(set(valid_values)); unique_values.sort(); cs.add(CS.CategoricalHyperparameter(name=param_name, choices=unique_values)); return cs; # Step 3: Core BOHB calling logic (Hyperband + Bayesian + Multi-fidelity); def run_tuners(file, budget, seed, maxlives): random.seed(seed); np.random.seed(seed); used_budget=0; consecutive_no_improve=0; best_result = float('inf'); history_configs = {}; # Initialize logging and nameserver (hpbandster's communication core); logging.basicConfig(level=logging.WARNING); ns = NameServer(run_id='hpbandster_demo', host='127.0.0.1', port=None); ns.start(); # Initialize custom worker and run in background; worker = MyWorker(file=file, seed=seed, run_id='hpbandster_demo', nameserver='127.0.0.1'); worker.run(background=True); # Initialize BOHB optimizer (core of Hyperband + Bayesian + Multi-fidelity); bohb = BOHB(configspace=worker.get_configspace(), run_id='hpbandster_demo', nameserver='127.0.0.1', min_budget=1, max_budget=1); # Iteratively run BOHB to trigger multi-bracket evaluation and Bayesian sampling; processed_tasks = 0; while used_budget<budget and consecutive_no_improve<maxlives: bohb.run(n_iterations=1); # BOHB internally runs Hyperband brackets + Bayesian sampling here; new_tasks = worker.task_history[processed_tasks:]; # Evaluate new Bayesian-sampled configurations; for i, (similar_config, score) in enumerate(new_tasks, 1): used_budget, consecutive_no_improve, history_configs, best_result, score, similar_config = evaluate(used_budget, consecutive_no_improve, history_configs, best_result, similar_config); if used_budget >= budget or consecutive_no_improve >= maxlives: break; processed_tasks = len(worker.task_history); # Shutdown BOHB and nameserver to release resources; bohb.shutdown(shutdown_workers=True); ns.shutdown(); return best_result"
"c1a","HB Multi-bracket","Implements Hyperband's multi-bracket multi-fidelity strategy with random sampling, hierarchically evaluating configurations at low resources first and retaining elites for higher-resource evaluation to save budget and improve optimization efficiency.","from hpbandster.core.nameserver import NameServer; from hpbandster.core.worker import Worker; from hpbandster.optimizers import HyperBand; import ConfigSpace as CS; import serpent; import random;# Step 1: Numpy serialization handler for hpbandster/serpent compatibility; def numpy_serpent_handler(obj, serializer, outputstream, indentlevel): if isinstance(obj, np.integer): serializer._serialize(int(obj), outputstream, indentlevel); elif isinstance(obj, np.floating): serializer._serialize(float(obj), outputstream, indentlevel); elif isinstance(obj, np.ndarray): serializer._serialize(obj.tolist(), outputstream, indentlevel); elif isinstance(obj, np.str_): serializer._serialize(str(obj), outputstream, indentlevel); elif isinstance(obj, np.bool_): serializer._serialize(bool(obj), outputstream, indentlevel); else: raise serpent.Serializer.UnsupportedTypeError; serpent._special_classes_registry[np.integer] = numpy_serpent_handler; serpent._special_classes_registry[np.floating] = numpy_serpent_handler; serpent._special_classes_registry[np.ndarray] = numpy_serpent_handler; serpent._special_classes_registry[np.str_] = numpy_serpent_handler; serpent._special_classes_registry[np.bool_] = numpy_serpent_handler; # Step 2: Custom Worker class (for config sampling/evaluation, random sampling inside Hyperband); class MyWorker(Worker): def __init__(self, file, seed,*args, **kwargs): super().__init__(*args, **kwargs); self.file = file; self.seed = seed; self.task_history = []; def compute(self, config, budget,** kwargs): config_list = [config[param_name] for param_name in self.file.features]; _, _, _, _, score, similar_config = evaluate(0, 0, {}, 0, config_list); self.task_history.append( (similar_config, score) ); return {'loss': score}; def get_configspace(self): cs = CS.ConfigurationSpace(seed=self.seed); for idx, (param_name, param_values) in enumerate(zip(self.file.features, self.file.independent_set)): valid_values = [v for v in param_values]; unique_values = list(set(valid_values)); unique_values.sort(); cs.add(CS.CategoricalHyperparameter(name=param_name, choices=unique_values)); return cs; # Step 3: Initialize Hyperband components and call the multi-bracket optimizer; def run_tuners(file, budget, seed, maxlives): random.seed(seed); np.random.seed(seed); used_budget=0; consecutive_no_improve=0; best_result = float('inf'); history_configs = {}; # Initialize nameserver; logging.basicConfig(level=logging.WARNING); ns = NameServer(run_id='hpbandster_demo', host='127.0.0.1', port=None); ns.start(); # Initialize worker (provides random sampling space via get_configspace); worker = MyWorker(file=file, seed=seed, run_id='hpbandster_demo', nameserver='127.0.0.1'); worker.run(background=True); # Initialize Hyperband (core multi-bracket multi-fidelity optimizer with random sampling); hb = HyperBand(configspace=worker.get_configspace(), run_id='hpbandster_demo', nameserver='127.0.0.1', min_budget=1, max_budget=1); # Run Hyperband iteratively (trigger random sampling and multi-bracket evaluation); processed_tasks = 0; while used_budget<budget and consecutive_no_improve<maxlives: hb.run(n_iterations=1); # Hyperband internally random samples configs here; new_tasks = worker.task_history[processed_tasks:]; # Evaluate new random sampled configs; for i, (similar_config, score) in enumerate(new_tasks, 1): used_budget, consecutive_no_improve, history_configs, best_result, score, similar_config = evaluate(used_budget, consecutive_no_improve, history_configs, best_result, similar_config); if used_budget >= budget or consecutive_no_improve >= maxlives: break; processed_tasks = len(worker.task_history); # Shutdown resources; hb.shutdown(shutdown_workers=True); ns.shutdown(); return best_result"
"b4a","Momentum Model","Quantifies configuration performance uncertainty and predicts convergence via weighted linear regression on historical losses (or fixed values for insufficient data), outputting a (mu, sigma) distribution for candidate screening.","from scipy.stats import norm; for c in candidates_sorted: config_history = c['history']; losses = [h[2] for h in config_history]; t = len(losses); if t < 2: dist = (losses[-1], 1.0); else: k_list = np.array([[1 / i ** 0.5, 1 / i] for i in range(1, t + 1)]); A = np.hstack([np.ones((t, 1)), k_list]); W = np.diag([1 / (i ** 0.5) for i in range(1, t + 1)]); y = np.array(losses).reshape(-1, 1); beta = np.linalg.inv(A.T @ W @ A) @ A.T @ W @ y; mu = beta[0, 0]; sigma = np.var(y - A @ beta); dist = (float(mu), float(sigma)); c['dist'] = dist"
"d15a","Quantifying Uncertainty in the Training Process","Calculates the joint probability that top-k candidates contain the optimal solution using Gaussian CDF on their (mu, sigma) distributions, generating a probability array to quantify candidate quality uncertainty.","from scipy.stats import norm; candidates_sorted = sorted(candidates, key=lambda x: x['current_score']); n = len(candidates_sorted); P = [0.0] * n; for k in range(n): top_k = candidates_sorted[:k + 1]; joint_prob = 1.0; for i in range(k + 1): mu_i, sigma_i = top_k[i]['dist']; for j in range(n): if j > k: mu_j, sigma_j = candidates_sorted[j]['dist']; prob = norm.cdf((mu_j - mu_i) / np.sqrt(sigma_i ** 2 + sigma_j ** 2)); joint_prob *= prob; P[k] = joint_prob"
"eb2e","Probabilistic Mutation","Generates new candidate configurations by probabilistically mutating elite configurations at a fixed rate (gamma=0.1), replacing parameter values with random valid options to introduce diversity while preserving elite traits.","gamma = 0.1; new_config = c['config'].copy(); for i in range(len(new_config)): if random.random() < gamma: new_config[i] = random.choice(independent_set[i])"
"ee12a","Dynamically Screen Partial Candidates Based on Top-k Configurations Containing Optimal Solutions","Dynamically retains the smallest top-k candidates meeting a confidence threshold (tau=0.9) for containing the optimal solution (capped by remaining budget) to save resources and focus on high-quality configurations.","tau = 0.9; remaining = budget - used_budget; k = next((i for i, p in enumerate(P) if p >= tau), len(candidates_sorted) - 1); max_keep = min(k + 1, remaining); keep_candidates = candidates_sorted[:max_keep]"
"b2c","Random Forest","Constructs a 10-tree Random Forest regression model (for SMAC) to predict configuration performance and uncertainty, trained on log-transformed scaled scores and only initialized with ≥2 historical configurations.","from sklearn.ensemble import RandomForestRegressor; tuner_n_trees = 10; if len(tuner_X) >= 2: y_values = np.array(tuner_y); min_value = -1e-5; y_non_negative = np.maximum(y_values, min_value) - min_value + 1e-5; scale_factor = 1e5; y_scaled = y_non_negative * scale_factor; y_log = np.log1p(y_scaled); tuner_model = RandomForestRegressor(n_estimators=tuner_n_trees, random_state=42, n_jobs=-1); tuner_model.fit(tuner_X, y_log); else: tuner_model = None"
"f1h","Maximum Expected Improvement (EI)","Selects SMAC's optimal candidate by calculating Maximum EI (balancing exploitation and exploration), using Random Forest predictions (or random values for insufficient data) and sorting candidates by EI to pick the top one.","num_candidates = 1000; candidate_ei_list = []; for candidate_config in candidates: if tuner_model is None: ei_value = random.random(); else: ei_features = []; for i, val in enumerate(candidate_config): param_values = tuner_param_space[i]; ei_features.append(param_values.index(val)); y_preds = [tree.predict([ei_features])[0] for tree in tuner_model.estimators_]; mu = np.mean(y_preds); sigma = np.std(y_preds); incumbent_score_non_negative = max(tuner_incumbent_score, -1e-5) - (-1e-5) + 1e-5; incumbent_score_scaled = incumbent_score_non_negative * 1e5; f_min = np.log1p(incumbent_score_scaled); if sigma < 1e-6: ei_value = 0.0; else: z = (f_min - mu) / sigma; cdf = 0.5 * (1 + math.erf(z / np.sqrt(2))); pdf = np.exp(-0.5 * z ** 2) / np.sqrt(2 * np.pi); ei_value = (f_min - mu) * cdf + sigma * pdf; candidate_ei_list.append((candidate_config, ei_value)); candidate_ei_list.sort(key=lambda x: x[1], reverse=True); next_config = candidate_ei_list[0][0]"
"d14a","Probabilistic Random Restart","Triggers a random restart with fixed probability (0.01) to escape local optima, reinitializing the current configuration with random valid parameters and updating performance metrics.","p_restart = 0.01; if random.random() < p_restart: current_config = [random.choice(hyperparameters[param]) for param in param_names]; ini_consecutive_no_improve = consecutive_no_improve; ini_used_budget = used_budget; used_budget, consecutive_no_improve, history_configs, best_result, current_score, similar_config = evaluate(used_budget, consecutive_no_improve, history_configs, best_result, current_config); if used_budget >= budget or consecutive_no_improve >= maxlives: break; if ini_consecutive_no_improve == consecutive_no_improve - 1 and ini_used_budget == used_budget: continue"
"ea8a","First Improvement and Optimal Configuration","Performs first-improvement local search by shuffling single-parameter neighbors of the current configuration and updating immediately upon finding a better-performing neighbor to retain efficiency.","neighbors = []; for i, param in enumerate(inner_param_names): current_value = current_config[i]; for value in hyperparameters[param]: if value != current_value: neighbor = current_config.copy(); neighbor[i] = value; neighbors.append(neighbor); random.shuffle(neighbors); improved = False; for neighbor in neighbors: ini_consecutive_no_improve = consecutive_no_improve; ini_used_budget = used_budget; used_budget, consecutive_no_improve, history_configs, best_result, score, similar_config = evaluate(used_budget, consecutive_no_improve, history_configs, best_result, neighbor); if used_budget >= budget or consecutive_no_improve >= maxlives: break; if ini_consecutive_no_improve == consecutive_no_improve - 1 and ini_used_budget == used_budget: continue; if score == best_result: improved = True; current_config = neighbor; break"
"eb3c","Single-Dimensional Neighborhood","Generates a complete set of single-parameter neighborhood configurations by varying one parameter at a time (keeping others fixed) and collecting valid, differing configurations.","neighbors = []; inner_param_names = list(hyperparameters.keys()); for i, param in enumerate(inner_param_names): current_value = current_config[i]; for value in hyperparameters[param]: if value != current_value: neighbor = current_config.copy(); neighbor[i] = value; neighbors.append(neighbor)"
"eb4a","Multiple Single-Dimensional Perturbations","Generates perturbed configurations by performing 3 random single-parameter perturbations on local optima, making incremental changes to facilitate further exploration.","s = 3; k = len(param_names); perturbed_config = current_config.copy(); for _ in range(s): param_idx = random.randint(0, k - 1); param = param_names[param_idx]; current_value = perturbed_config[param_idx]; possible_values = [v for v in hyperparameters[param] if v != current_value]; if possible_values: perturbed_config[param_idx] = random.choice(possible_values)"
"d13a","Convergence Judgment Soft Restart and Probability Skewing","Judges premature convergence via average pairwise candidate distance (resetting sampling to uniform if converged) and skews sampling probabilities toward elite configurations to balance exploration and exploitation.","restart_threshold = 1e-4; N_iter = max(2, int(np.floor(2 + np.log2(D)))); if len(new_candidates) >= 2: distances = []; for i in range(len(new_candidates)): for j in range(i + 1, len(new_candidates)): max_dist = 0; for k in range(D): dist = 0 if new_candidates[i][k] == new_candidates[j][k] else 1; max_dist = max(max_dist, dist); distances.append(max_dist); if np.mean(distances) < restart_threshold: for i in range(D): n = len(sampling_distributions[i]['values']); sampling_distributions[i]['probs'] = [1 / n for _ in range(n)]; # Probability skewing toward elite if elite_generated: for i in range(D): dist = sampling_distributions[i]; elite_values = [cfg[i] for cfg in elite_generated]; counts = [elite_values.count(v) for v in dist['values']]; total = sum(counts); if total == 0: continue; new_probs = [(1 - (len(elite_generated) - 1) / N_iter) * p + (len(elite_generated) - 1) / N_iter * (count / total) for p, count in zip(dist['probs'], counts)]; new_probs_np = np.array(new_probs); new_probs_np /= new_probs_np.sum(); sampling_distributions[i]['probs'] = new_probs_np.tolist()"
"ee14a","Sampling Based on Sampling Distribution","Generates valid candidates by sampling each parameter from its skewed enumeration distribution (initial uniform), with sample count dynamically adjusted to remaining budget (min 10).","D = len(independent_set); sampling_distributions = []; for param_values in independent_set: n = len(param_values); sampling_distributions.append({'type': 'enumerate', 'probs': [1 / n for _ in range(n)], 'values': param_values}); new_candidates = []; sample_num = min(10, budget-used_budget); for _ in range(sample_num): config = []; for i in range(D): dist = sampling_distributions[i]; config.append(np.random.choice(dist['values'], p=dist['probs'])); new_candidates.append(config)"
"f5a","Statistical Test for Elite Configuration Screening","Screens elite configurations using Friedman chi-square test (α=0.05), retaining candidates with ranks below the 80th percentile and truncating to a minimum elite size (N_min=2).","from scipy.stats import friedmanchisquare; alpha = 0.05; N_min = 2; if len(configs) > N_min: max_len = max(len(p) for p in performances); padded_performances = [p + [np.nan] * (max_len - len(p)) for p in performances]; perf_matrix = np.array(padded_performances).T; try: valid_cols = ~np.isnan(perf_matrix).any(axis=0); valid_perf_matrix = perf_matrix[:, valid_cols]; stat, p_value = friedmanchisquare(*valid_perf_matrix); except ValueError: stat, p_value = 0, 1.0; if p_value < alpha: avg_ranks = np.mean([np.argsort(np.argsort(perf)) for perf in valid_perf_matrix], axis=0); threshold = np.percentile(avg_ranks, 80); valid_generated = [cfg for cfg, valid in zip(generated_cfg_for_test, valid_cols) if valid]; survivors_generated = [cfg for cfg, rank in zip(valid_generated, avg_ranks) if rank <= threshold]; elite_generated = survivors_generated[:N_min]"
"d12a","Arm Weight Update","Dynamically updates super arm (parameter) and sub arm (parameter value) weights in HABO via reward-based exponential updates (EXP3-style) to balance exploration and exploitation.","gamma = 0.1; score_min = min([v for v in history_configs.values()] + [current_score]); score_max = max([v for v in history_configs.values()] + [current_score]); if score_max == score_min: reward = 0.5; else: reward = (score_max - current_score) / (score_max - score_min); total_super_weight = sum(super_weights.values()); super_prob = (1 - gamma) * (super_weights[selected_super_arm] / total_super_weight) + gamma / k; exp_super = min(gamma * reward / (k * super_prob), 709); super_weights[selected_super_arm] *= np.exp(exp_super); total_sub_weight_update = sum(sub_weights[selected_super_arm].values()); sub_prob = sub_weights[selected_super_arm][selected_sub_arm] / total_sub_weight_update; exp_sub = min(gamma * reward / sub_prob, 709); sub_weights[selected_super_arm][selected_sub_arm] *= np.exp(exp_sub)"
"ee13a","EXP3 for Parameter Selection and Roulette for Value Selection","Selects parameters (super arms) via EXP3 with gamma regularization and parameter values (sub arms) via roulette wheel sampling (weighted by sub arm weights).","k = len(super_arms); gamma = 0.1; total_weight = sum(super_weights.values()); probabilities = {arm: (1 - gamma) * (weight / total_weight) + gamma / k for arm, weight in super_weights.items()}; arms = list(probabilities.keys()); probs = list(probabilities.values()); selected_super_arm = np.random.choice(arms, p=probs); sub_arms = hyperparameters[selected_super_arm]; sub_weight_dict = sub_weights[selected_super_arm]; total_sub_weight = sum(sub_weight_dict.values()); if total_sub_weight == 0: selected_sub_arm = np.random.choice(sub_arms); else: if np.isinf(total_sub_weight): valid_weights = {k: v for k, v in sub_weight_dict.items() if not np.isinf(v)}; if valid_weights: selected_sub_arm = max(valid_weights, key=valid_weights.get); else: selected_sub_arm = np.random.choice(sub_arms); else: sub_probabilities = {sub_arm: weight / total_sub_weight for sub_arm, weight in sub_weight_dict.items()}; sub_arms_list = list(sub_probabilities.keys()); sub_probs = list(sub_probabilities.values()); selected_sub_arm = np.random.choice(sub_arms_list, p=sub_probs)"
"d11a","Population Remove High-Age Individuals","Maintains population quality by eliminating individuals aged over 3, incrementing remaining individuals' ages, merging with offspring, and truncating to fixed population size if needed.","for ind in population: ind['age'] += 1; population = [ind for ind in population if ind['age'] <= 3]; population.extend(offspring); if len(population) > population_size: population = random.sample(population, population_size)"
"ea7a","High-Performance C and Random N","Selects parents by pairing top 10% high-performance C-gender individuals with random N-gender individuals (generating N-gender if none exist) to produce quality offspring.","competitive = [ind for ind in population if ind['gender'] == 'C' and ind['score'] is not None]; if not competitive: population = [{'config': [random.choice(values) for values in independent_set], 'gender': random.choice(['C', 'N']), 'age': 0, 'score': None} for _ in range(population_size)]; competitive.sort(key=lambda x: x['score']); num_mating = max(1, int(len(competitive) * 0.1)); mating_c = competitive[:num_mating]; non_competitive = [ind for ind in population if ind['gender'] == 'N']; if not non_competitive: non_competitive = [{'config': [random.choice(values) for values in independent_set], 'gender': 'N', 'age': 0, 'score': None} for _ in range(population_size // 2)]; num_n_per_c = max(1, int(len(non_competitive) * (200 / 3) / 100)); for c in mating_c: for n in random.sample(non_competitive, num_n_per_c): # Proceed to crossover"
"eb2d","Probabilistic Mutation","Performs probabilistic mutation on offspring at a 0.1 rate, replacing parameter values with random valid alternatives (if available) to introduce genetic diversity.","mutation_rate = 0.1; for i in range(len(child_config)): if random.random() < mutation_rate: values = independent_set[i]; other_values = [v for v in values if v != child_config[i]]; if other_values: child_config[i] = random.choice(other_values)"
"ec4a","Two-Gender Crossover","Generates child configurations via single-point crossover between C-gender (high-performance) and N-gender (diverse) parents, fusing their configuration segments.","crossover_point = random.randint(1, len(c['config']) - 1); child_config = c['config'][:crossover_point] + n['config'][crossover_point:]"
"a5a","GGA Population Data Structure","A structured GGA population consisting of individual dictionaries (config, gender, age, score), with initial individuals randomly generated and updated via evaluation, mating, and aging.","population_size = min(100,budget//2); population = [{'config': [random.choice(values) for values in independent_set], 'gender': random.choice(['C', 'N']), 'age': random.randint(0, 3), 'score': None} for _ in range(population_size)]"
"b1g","Gaussian Process","Constructs a Gaussian Process surrogate model with Matern (nu=2.5) and WhiteKernel (10 optimizer restarts) to predict configuration performance and uncertainty for acquisition function calculations.","from sklearn.gaussian_process import GaussianProcessRegressor; from sklearn.gaussian_process.kernels import Matern, WhiteKernel; gp_kernel = Matern(nu=2.5, length_scale_bounds=(1e-5, 1e6)) + WhiteKernel(noise_level=1.0, noise_level_bounds=(1e-10, 1000.0)); gp = GaussianProcessRegressor(kernel=gp_kernel, n_restarts_optimizer=10, random_state=seed); X_train = np.array([[independent_set[i].index(v) for i, v in enumerate(config)] for config in xs]); y_train = np.array(results); gp.fit(X_train, y_train); mu, std = gp.predict(X_candidates, return_std=True)"
"ed4a","Random Forest MDA","Evaluates parameter importance via Random Forest Mean Decrease Accuracy (MDA), selecting parameters with importance above 5% of the maximum as high-impact parameters.","from sklearn.ensemble import RandomForestRegressor; rf = RandomForestRegressor(n_estimators=100, random_state=seed, oob_score=True); X = np.array([[independent_set[i].index(v) for i, v in enumerate(sample)] for sample in samples_rf]); y = np.array(scores_rf); rf.fit(X, y); oob_base = rf.oob_score_; importances = []; for i in range(X.shape[1]): X_perm = X.copy(); np.random.shuffle(X_perm[:, i]); oob_perm = rf.oob_score_; importances.append(oob_base - oob_perm); threshold = 0.05 * max(importances) if importances else 0; high_impact = [i for i, imp in enumerate(importances) if imp >= threshold]"
"ee10a","Enhanced LHS Sampling","Generates uniform candidate configurations via maximin LHS (pyDOE2) for high-impact parameters, mapping continuous samples to discrete valid parameter values.","from pyDOE2 import lhs; param_indices_candidate = high_impact; param_ranges_candidate = [independent_set[i] for i in param_indices_candidate]; n_high_impact_params_candidate = len(param_indices_candidate); num_samples_candidate = 100; lhs_continuous_candidate = lhs(n_high_impact_params_candidate, samples=num_samples_candidate, criterion='maximin', random_state=seed); high_impact_param_enc_ranges_candidate = [(0, len(vals) - 1) for vals in param_ranges_candidate]; lhs_encoded_candidate = np.zeros((num_samples_candidate, n_high_impact_params_candidate), dtype=np.int64); for param_idx_in_high_impact_c in range(n_high_impact_params_candidate): min_enc_c, max_enc_c = high_impact_param_enc_ranges_candidate[param_idx_in_high_impact_c]; lhs_encoded_candidate[:, param_idx_in_high_impact_c] = np.round(lhs_continuous_candidate[:, param_idx_in_high_impact_c] * (max_enc_c - min_enc_c) + min_enc_c); lhs_encoded_candidate[:, param_idx_in_high_impact_c] = np.clip(lhs_encoded_candidate[:, param_idx_in_high_impact_c], min_enc_c, max_enc_c); candidates_original = []; for sample_encoded_c in lhs_encoded_candidate: current_sample_c = []; for idx_in_high_impact_c, enc_val_c in enumerate(sample_encoded_c): discrete_vals_c = param_ranges_candidate[idx_in_high_impact_c]; current_discrete_val_c = discrete_vals_c[enc_val_c]; current_sample_c.append(current_discrete_val_c); candidates_original.append(current_sample_c)"
"f3a","Hedge Selects Maximum EI/PI/LCB","Dynamically selects the optimal acquisition function (EI/PI/LCB) via Hedge strategy, picks the maximum score candidate, and updates Hedge weights based on actual performance gain.","from scipy.stats import norm; best_y = np.min(y_train); xi = 0.01; kappa = 1.96; imp = best_y - mu - xi; Z = imp / (std + 1e-9); ei = imp * norm.cdf(Z) + std * norm.pdf(Z); pi = norm.cdf((best_y - mu - xi) / (std + 1e-9)); lcb = mu - kappa * std; af_values = {'ei': ei, 'pi': pi, 'lcb': lcb}; total_weight = sum(hedge_weights.values()) + 1e-10; probs = {k: v / total_weight for k, v in hedge_weights.items()}; probs_arr = np.array(list(probs.values())); probs_arr = probs_arr / probs_arr.sum(); af_keys = list(af_values.keys()); selected_af = np.random.choice(af_keys, p=probs_arr); af_scores = af_values[selected_af]; best_candidate_idx = np.argmax(af_scores); next_original_config = candidates_original[best_candidate_idx]; current_best = min(y_train) if len(y_train) > 0 else float('inf'); gain = current_best - next_score; cumulative_gains[selected_af] = max(-1.0, min(1.0, gain)); learning_rate = 0.1; for af in hedge_weights: hedge_weights[af] = max(1e-5, hedge_weights[af] * np.exp(learning_rate * cumulative_gains[af]))"
"b1f","Gaussian Process","Constructs a Gaussian Process surrogate model with Matern (nu=2.5) and WhiteKernel, training on full or sampled data (for large high-dimensional data) to predict performance and uncertainty.","from sklearn.gaussian_process import GaussianProcessRegressor; from sklearn.gaussian_process.kernels import Matern, WhiteKernel; from sklearn.model_selection import train_test_split; kernel = Matern(nu=2.5, length_scale_bounds=(1e-3, 1e3)) + WhiteKernel(noise_level_bounds=(1e-10, 1e1)); gp = GaussianProcessRegressor(kernel=kernel, n_restarts_optimizer=5); if len(X) > 20 and n_params > 10: _, X_sampled, _, y_sampled = train_test_split(X_norm, y, test_size=0.7, random_state=seed); gp.fit(X_sampled, y_sampled); else: gp.fit(X_norm, y); mu, std = gp.predict(X_candidate_norm, return_std=True)"
"ee9a","LHS Sampling","Generates initial uniform candidates via maximin LHS (pyDOE2), converting continuous samples to ordinal-encoded integers and inverse-transforming to valid configurations.","from pyDOE2 import lhs; from sklearn.preprocessing import OrdinalEncoder; lhs_continuous = lhs(n_params, samples=initial_samples, criterion='maximin', random_state=seed); lhs_encoded = np.zeros((initial_samples, n_params), dtype=np.int64); for param_idx in range(n_params): min_enc, max_enc = param_enc_ranges[param_idx]; lhs_encoded[:, param_idx] = np.round(lhs_continuous[:, param_idx] * (max_enc - min_enc) + min_enc); lhs_encoded[:, param_idx] = np.clip(lhs_encoded[:, param_idx], min_enc, max_enc); lhs_initial_candidates = encoder.inverse_transform(lhs_encoded).tolist(); current_candidate = lhs_initial_candidates[used_budget]"
"f1g","Maximum Expected Improvement (EI)","Selects the optimal candidate by calculating Maximum EI (xi=0.01) using Gaussian Process predictions, handling zero standard deviation and picking the highest EI candidate.","from scipy.stats import norm; xi = 0.01; mu_sample_opt = np.min(y); imp = mu - mu_sample_opt - xi; with np.errstate(divide='ignore'): Z = imp / std; ei = imp * norm.cdf(Z) + std * norm.pdf(Z); ei[std == 0.0] = 0.0; ei_values = ei; next_index = np.argmax(ei_values); current_candidate = candidates[next_index]"
"b1e","Gaussian Process","Constructs a Gaussian Process surrogate model with Matern (nu=2.5) (10 optimizer restarts) to predict configuration performance and uncertainty for Expected Improvement calculations.","from sklearn.gaussian_process import GaussianProcessRegressor; from sklearn.gaussian_process.kernels import Matern; kernel = Matern(nu=2.5); gp = GaussianProcessRegressor(kernel=kernel, n_restarts_optimizer=10); X_current = np.array([[independent_set[i].index(val) for i, val in enumerate(config)] for config in xs]); y_current = np.array(results); gp.fit(X_current, y_current); mu, std = gp.predict(X_candidates, return_std=True)"
"ed3a","Lasso Screening","Screens impactful parameters via LassoCV pipeline (PolynomialFeatures + StandardScaler), selecting top k indices (dynamically determined by budget) based on parameter importance.","from sklearn.linear_model import LassoCV; from sklearn.preprocessing import PolynomialFeatures, StandardScaler; from sklearn.pipeline import make_pipeline; D = len(independent_set); poly = PolynomialFeatures(degree=1, include_bias=False); scaler = StandardScaler(); lasso = LassoCV(cv=3, random_state=seed, alphas=np.logspace(-4, 0, 100), max_iter=5000); model = make_pipeline(poly, scaler, lasso); model.fit(X, y); feature_names = poly.get_feature_names_out([f'p{i}' for i in range(D)]); weights = lasso.coef_; param_importance = np.zeros(D); for i in range(D): param_mask = [f'p{i}' in name for name in feature_names]; param_importance[i] = np.sum(np.abs(weights[param_mask])); base = 4; increment = 2; interval = 5; current_used_budget = used_budget; current_knob_count = min(base + (current_used_budget // interval) * increment, D); impactful_indices = np.argsort(param_importance)[-current_knob_count:]"
"ee7a","Probabilistic Reselection of High-Impact Parameters","Generates unique valid candidates by probabilistically reselecting high-impact parameters (80% chance) and keeping non-impactful parameters unchanged.","candidates = []; while len(candidates) < 100: candidate = [random.choice(independent_set[i]) for i in range(D)]; for idx in impactful_indices: if random.random() < 0.8: candidate[idx] = random.choice(independent_set[idx]); candidate_tuple = tuple(candidate); if candidate_tuple not in history_configs: candidates.append(candidate)"
"f1f","Maximum Expected Improvement (EI)","Selects the optimal candidate by calculating Maximum EI using Gaussian Process predictions, with a small epsilon to avoid division by zero and picking the highest EI candidate.","from scipy.stats import norm; X_candidates = np.array([[independent_set[i].index(val) for i, val in enumerate(conf)] for conf in candidates]); mu, std = gp.predict(X_candidates, return_std=True); best_y = np.min(y_current); ei = (best_y - mu) * norm.cdf((best_y - mu) / (std + 1e-9)) + std * norm.pdf((best_y - mu) / (std + 1e-9)); best_idx = np.argmax(ei); next_original = candidates[best_idx]"
"d9a","Population Metropolis-Hastings Acceptance Probability","Probabilistically accepts ConEx offspring solutions (100% for better/zero scores, ratio-based for inferior scores) to balance exploration and exploitation.","current_perf = best_result; new_perf = current_score; if new_perf < current_perf or new_perf == 0: accept_prob = 1.0; else: accept_prob = min(1.0, current_perf / new_perf); if random.random() < accept_prob: confs_accepted.append((current_config, current_score))"
"ea6a","Global Optimum","Selects the global optimal configuration as the donor for crossover operations, leveraging optimal information to generate high-quality offspring.","# Obtain global optimal configuration (updated when better score is found); best_config = similar_config if current_score == best_result else best_config; # Use best_config as donor for crossover"
"eb2c","Probabilistic Mutation","Performs probabilistic mutation at a 0.06 rate, selecting random parameter indices and replacing values with valid alternatives (if available) to generate mutated configurations.","mutation_rate = 0.06; D = len(independent_set); mutated = current_config.copy(); mutate_indices = random.sample(range(D), int(D * mutation_rate)); for idx in mutate_indices: other_values = [v for v in independent_set[idx] if v != mutated[idx]]; if other_values: mutated[idx] = random.choice(other_values); current_config = mutated"
"ec3a","Probabilistic Crossover","Generates child configurations by probabilistically replacing parent parameters with global optimal values (crossover rate=0.5) via random index selection.","crossover_rate = 0.5; D = len(independent_set); child = parent_config.copy(); crossover_indices = random.sample(range(D), int(D * crossover_rate)); for idx in crossover_indices: child[idx] = best_config[idx]; current_config = child"
"b2b","Random Forest","Constructs a 100-tree Random Forest regression model to calculate feature importance and predict configuration performance (with uncertainty via tree prediction variance).","from sklearn.ensemble import RandomForestRegressor; model = RandomForestRegressor(n_estimators=100, random_state=seed, n_jobs=-1, bootstrap=True); X_train = np.array([[independent_set[i].index(val) for i, val in enumerate(config)] for config in xs]); y_train = np.array(results); model.fit(X_train, y_train); feature_importance = model.feature_importances_; y_pred = model.predict(X_candidates); all_preds = np.array([tree.predict(X_candidates) for tree in model.estimators_]); y_std = np.std(all_preds, axis=0)"
"ed2a","Gini Importance","Screens top K impactful parameters (K=min(D-1,8)) using Random Forest Gini importance, sorting and selecting indices with highest importance.","D = len(independent_set); K = min(D-1,8); feature_importance = model.feature_importances_; impactful_indices = np.argsort(feature_importance)[-K:][::-1]; less_impactful_indices = [i for i in range(D) if i not in impactful_indices]"
"ee6a","Dynamic Sampling Times and Hierarchical Candidate Generation","Generates hierarchical candidates by combining impactful (full combinations) and less impactful (dynamic sampling) parameters, ensuring valid and unique configurations.","max_values_per_impactful_param = 10; current_iter = used_budget - initial_samples + 1; exponent = -((current_iter - 20) / 0.5) **2 / (2 * 10**2); C_i = max(int(20 * np.exp(exponent)), 1); impactful_values = []; for idx in impactful_indices: param_values = independent_set[idx]; if len(param_values) > max_values_per_impactful_param: impactful_values.append(random.sample(param_values, max_values_per_impactful_param)); else: impactful_values.append(param_values); impactful_combinations = list(product(*impactful_values)); candidates = []; less_impactful_values = [independent_set[i] for i in less_impactful_indices]; for imp_comb in impactful_combinations[:5]: for _ in range(C_i): less_comb = [random.choice(vals) for vals in less_impactful_values]; candidate = [None] * D; imp_idx, less_idx = 0, 0; for i in range(D): if i in impactful_indices: candidate[i] = imp_comb[imp_idx]; imp_idx += 1; else: candidate[i] = less_comb[less_idx]; less_idx += 1; if all(val in independent_set[i] for i, val in enumerate(candidate)) and candidate not in candidates: candidates.append(candidate)"
"f1e","Maximum Expected Improvement (EI)","Selects the optimal candidate by calculating Maximum EI using Random Forest predictions, picking the highest EI candidate or generating a random config if none are valid.","from scipy.stats import norm; X_candidates = []; valid_candidates = []; for config in candidates: try: X_candidates.append([independent_set[i].index(val) for i, val in enumerate(config)]); valid_candidates.append(config); except ValueError: continue; if len(X_candidates) > 0: y_pred = model.predict(X_candidates); all_preds = np.array([tree.predict(X_candidates) for tree in model.estimators_]); y_std = np.std(all_preds, axis=0); best_y = np.min(y_train); imp = best_y - y_pred; Z = imp / (y_std + 1e-9); ei = imp * norm.cdf(Z) + y_std * norm.pdf(Z); next_generated_config = valid_candidates[np.argmax(ei)]; else: next_generated_config = [random.choice(values) for values in independent_set]"
"d8a","RBS Recursive Bounded Search","Constructs a bounded parameter search space centered on the current best configuration (or full space if none exists), dynamically adjusting the range via an expand factor for recursive search.","expand_factor = 1; best_config = None; while used_budget < budget and consecutive_no_improve < maxlives: if best_config is None: param_ranges = []; param_enum_info = []; for values in independent_set: unique_enums = list(dict.fromkeys(values)); enum_map = {enum: i for i, enum in enumerate(unique_enums)}; numeric_values = [enum_map[enum] for enum in values]; param_enum_info.append((enum_map, unique_enums)); ranges = [[enum] for enum in unique_enums]; param_ranges.append(ranges); else: bounded_space = []; for p_idx, (current_val, param_values) in enumerate(zip(best_config, independent_set)): unique_enums = list(dict.fromkeys(param_values)); enum_map = {enum: i for i, enum in enumerate(unique_enums)}; current_numeric = enum_map[current_val]; other_numerics = [enum_map[s[p_idx]] for s in xs if s[p_idx] in enum_map]; sorted_others = sorted(other_numerics); global_min, global_max = 0, len(unique_enums) - 1; left = global_min if not sorted_others else min(sorted_others); right = global_max if not sorted_others else max(sorted_others); left = max(global_min, left - expand_factor); right = min(global_max, right + expand_factor); candidates = [enum for enum in unique_enums if left <= enum_map[enum] <= right]; candidates = candidates if candidates else unique_enums; bounded_space.append(candidates); param_ranges = []; param_enum_info = []; for values in bounded_space: unique_enums = list(dict.fromkeys(values)); enum_map = {enum: i for i, enum in enumerate(unique_enums)}; numeric_values = [enum_map[enum] for enum in values]; param_enum_info.append((enum_map, unique_enums)); ranges = [[enum] for enum in unique_enums]; param_ranges.append(ranges)"
"ee5a","DDS Divide-and-Diverge Sampling","Generates valid configurations via divide-and-diverge sampling, partitioning parameter spaces into single-enum subspaces and randomly selecting combinations to form candidates.","samples = []; for _ in range(1): sample = []; for p_idx, ranges in enumerate(param_ranges): range_idx = random.randint(0, len(ranges) - 1); current_range = ranges[range_idx]; enum_value = current_range[0]; sample.append(enum_value); samples.append(sample); current_samples = samples; current_config = current_samples[0]"
"b1d","Gaussian Process","Constructs a Gaussian Process surrogate model with Matern (nu=2.5) (20 optimizer restarts) to predict reduced-dimensional configuration performance and uncertainty.","from sklearn.gaussian_process import GaussianProcessRegressor; from sklearn.gaussian_process.kernels import Matern; kernel = Matern(nu=2.5); gp = GaussianProcessRegressor(kernel=kernel, n_restarts_optimizer=20); gp.fit(x_selected, y); mu, std = gp.predict(x_candidate, return_std=True)"
"ed1a","Discard D-d Dimensions","Dynamically retains d parameters (based on total dimension D) and discards D-d dimensions, randomly selecting retained indices to reduce search space dimensionality.","d_dim = len(independent_set); if d_dim <= 5: d = d_dim - 1; elif 5 < d_dim <= 20: d = max(5, int(d_dim * 0.6)); else: d = 20; selected_indices = random.sample(range(d_dim), d); dropped_indices = [i for i in range(d_dim) if i not in selected_indices]"
"ee4a","Dropout-Mix Filling","Fills discarded parameter dimensions with 80% current optimal values and 20% random valid values, constructing full-dimensional encoded configurations.","current_best_encoded = encoded_xs[np.argmin(results)]; new_encoded_config = [None] * d_dim; for idx, sel_idx in enumerate(selected_indices): new_encoded_config[sel_idx] = best_encoded_selected[idx]; for drop_idx in dropped_indices: if random.random() < 0.8: new_encoded_config[drop_idx] = current_best_encoded[drop_idx]; else: raw_rand = random.choice(independent_set[drop_idx]); encoder = encoders[drop_idx]; if isinstance(raw_rand, (str, bool)): encoded_rand = encoder[raw_rand]; else: encoded_rand = encoder[raw_rand]; new_encoded_config[drop_idx] = encoded_rand"
"f1d","Maximum Expected Improvement (EI)","Selects the optimal reduced-dimensional candidate by calculating Maximum EI using Gaussian Process predictions, with a small epsilon to avoid division by zero.","from scipy.stats import norm; best_y = np.min(y); imp = best_y - mu; z = imp / (std + 1e-9); ei = imp * norm.cdf(z) + std * norm.pdf(z); best_candidate_idx = np.argmax(ei); best_encoded_selected = candidates_selected[best_candidate_idx]"
"d7a","Cooling Strategy","Implements a non-linear quadratic cooling strategy for Simulated Annealing, decaying temperature with used budget to enhance early exploration and late exploitation.","initial_temperature = 200; final_temperature = 0.01; temperature = initial_temperature * (1 - (used_budget / budget)) ** 2 if budget != 0 else final_temperature"
"ea5a","Metropolis Acceptance Criterion","The core Simulated Annealing acceptance criterion, accepting all better solutions and probabilistically accepting inferior solutions based on current temperature.","neighbor_score = current_score; current_score = current_score; if (neighbor_score < current_score) or (random.random() < math.exp((current_score - neighbor_score) / temperature)): current_generated_config = neighbor_generated_config; current_score = neighbor_score"
"eb3b","Single-Dimensional Neighborhood","Generates a Simulated Annealing neighbor configuration by randomly modifying one parameter dimension of the current configuration with a valid value.","neighbor_generated_config = current_generated_config.copy(); param_index = random.randint(0, len(independent_set) - 1); neighbor_generated_config[param_index] = random.choice(independent_set[param_index])"
"a3a","Particle Swarm","A Particle Swarm Optimization search group with particles (position, velocity, individual/global best), initialized with random positions and zero velocity to collaboratively explore optimal solutions.","num_particles = 10; particles_position = []; particles_similar_position = []; particles_velocity = []; particles_best_position = []; particles_best_similar = []; particles_best_score = []; particle_count = 0; while particle_count < num_particles and used_budget < budget and consecutive_no_improve < maxlives: generated_position = [random.choice(values) for values in independent_set]; ini_consecutive_no_improve = consecutive_no_improve; ini_used_budget = used_budget; used_budget, consecutive_no_improve, history_configs, best_result, current_score, similar_position = evaluate(used_budget, consecutive_no_improve, history_configs, best_result, generated_position); if ini_consecutive_no_improve == consecutive_no_improve - 1 and ini_used_budget == used_budget: continue; particle_count += 1; particles_position.append(generated_position); particles_similar_position.append(similar_position); particles_velocity.append([0] * len(generated_position)); particles_best_position.append(generated_position); particles_best_similar.append(similar_position); particles_best_score.append(current_score); if current_score == best_result: best_config = similar_position"
"d6a","Optimal Particle Swarm Maintenance","Updates each particle's individual best information (if new position performs better) and the global optimal configuration (if new score is best) to maintain swarm quality.","for i in range(num_particles): if used_budget >= budget or consecutive_no_improve >= maxlives: break; # After evaluating new position; if current_score < particles_best_score[i]: particles_best_score[i] = current_score; particles_best_position[i] = new_generated_position; particles_best_similar[i] = new_similar_position; if current_score == best_result: best_config = new_similar_position"
"ee3a","Particle Position Update","Updates particle positions via probabilistic weighting (30% individual best, 20% global best, 50% random) to ensure valid and optimal search directions.","for i in range(num_particles): if used_budget >= budget or consecutive_no_improve >= maxlives: break; new_generated_position = []; for j in range(len(particles_position[i])): if random.random() < 0.3: new_val = particles_best_position[i][j]; elif random.random() < 0.5: new_val = best_config[j]; else: new_val = random.choice(independent_set[j]); new_generated_position.append(new_val); particles_position[i] = new_generated_position; particles_similar_position[i] = new_similar_position"
"ea4a","Better-Performing Search Starting Point","Selects an initial random search starting point and iteratively updates it with better-performing single-dimensional neighbors to drive search toward optima.","# Generate initial starting point; generated_config = [random.choice(values) for values in independent_set]; used_budget, consecutive_no_improve, history_configs, best_result, current_score, similar_config = evaluate(used_budget, consecutive_no_improve, history_configs, best_result, generated_config); current_generated_config = generated_config; if neighbor_score < current_score: current_generated_config = neighbor_generated_config; current_score = neighbor_score"
"eb3a","Single-Dimensional Neighborhood","Generates a Hill Climbing neighbor configuration by randomly modifying one parameter dimension of the current configuration with a valid value.","neighbor_generated_config = current_generated_config.copy(); param_index = random.randint(0, len(neighbor_generated_config) - 1); neighbor_generated_config[param_index] = random.choice(independent_set[param_index])"
"d5a","Population Retain All Offspring","Retains all valid crossover/mutation offspring to form the next generation, truncating to fixed population size to maintain stable search scale.","next_generation.extend([child1, child2]); population = next_generation[:population_size]"
"ea3a","Fitness Roulette Selection","Selects crossover parents via fitness roulette wheel sampling (fitness = reciprocal of score), with normalized probabilities to ensure valid selection.","fitness_values = [1 / max(score, 1e-10) for score in fitness_scores]; total_fitness = sum(fitness_values); selection_probs = [f / total_fitness for f in fitness_values] if total_fitness > 0 else [1 / len(fitness_values)] * len(fitness_values); selection_probs[-1] = 1.0 - sum(selection_probs[:-1]); indices = np.arange(len(new_population)); selected_indices = np.random.choice(indices, size=population_size, p=selection_probs); selected = [new_population[i] for i in selected_indices]"
"eb2b","Probabilistic Mutation","Performs probabilistic mutation on next-generation individuals at a 0.3 rate, replacing parameter values with random valid options to introduce diversity.","mutation_rate = 0.3; for config in next_generation: for i in range(len(config)): if random.random() < mutation_rate: config[i] = random.choice(independent_set[i])"
"ec2b","Single-Point Crossover","Generates two child individuals from parent pairs via single-point crossover, fusing their configuration segments and adding to the next generation.","for i in range(0, population_size, 2): if i + 1 >= population_size: next_generation.append(selected[i]); break; parent1, parent2 = selected[i], selected[i + 1]; crossover_point = random.randint(1, len(independent_set) - 1); child1 = parent1[:crossover_point] + parent2[crossover_point:]; child2 = parent2[:crossover_point] + parent1[crossover_point:]; next_generation.extend([child1, child2])"
"d4a","Population Remove Worst Individuals","Maintains fixed population size by removing the worst-performing individual (maximum score) after adding new candidates, along with its similar individual record.","population.append(generated_config); similar_population.append(similar_config); if len(population) > population_size: pop_scores = [history_configs[tuple(ind)] for ind in similar_population]; worst_idx = np.argmax(pop_scores); population.pop(worst_idx); similar_population.pop(worst_idx)"
"ea2a","Random Selection from High-Performance Individuals","Selects parents randomly from the top 50% high-performance population individuals (sorted by score) for subsequent mutation.","population_scores = []; for ind in similar_population: ind_tuple = tuple(ind); population_scores.append(history_configs[ind_tuple]); parents_indices = np.argsort(population_scores)[:int(population_size / 2)]; parents = [population[i] for i in parents_indices]; parent = random.choice(parents)"
"eb2a","Probabilistic Mutation","Generates child individuals from parents via probabilistic mutation at a 0.2 rate, retaining parent values or replacing with random valid options to form offspring.","child = []; mutation_prob = 0.2; for i, value in enumerate(parent): if random.random() < mutation_prob: child.append(random.choice(independent_set[i])); else: child.append(value); generated_config = child"
"d3a","Population Update When Superior to Parent","Updates DE population individuals with trial individuals only if trials perform better (lower score), along with corresponding similar records and scores.","current_score = init_scores[i]; if trial_score < current_score: population[i] = generated_trial; similar_population[i] = similar_trial; init_scores[i] = trial_score"
"ea1a","Individual and Variant","Selects target individuals sequentially from the DE population as the basis for mutation/crossover, while retrieving parameter dimension information from the independent set.","for i in range(pop_size): target_individual = population[i]; n_params = len(population[i]); independent_set_dim_vals = independent_set"
"eb1a","Full-dimensional variation","Generates DE mutant individuals by replacing each parent parameter with a valid alternative (if available), ensuring mutants differ from parents while complying with constraints.","mutant = []; for j in range(len(population[i])): possible_values = [v for v in independent_set[j] if v != population[i][j]]; if possible_values: mutant_val = random.choice(possible_values); else: mutant_val = population[i][j]; mutant.append(mutant_val)"
"ec1a","Binomial Crossover","Generates DE trial individuals via binomial crossover (CR=0.7), fusing mutant and parent values with a mandatory mutant dimension to ensure variation.","CR = 0.7; generated_trial = []; for j in range(len(population[i])): if random.random() < CR or j == random.randint(0, len(population[i]) - 1): generated_trial.append(mutant[j]); else: generated_trial.append(population[i][j])"
"b1c","Gaussian Process","Constructs a Gaussian Process surrogate model with Matern (nu=2.5) and WhiteKernel, training on full or sampled data (for large high-dimensional data) to predict performance and uncertainty.","from sklearn.gaussian_process import GaussianProcessRegressor; from sklearn.gaussian_process.kernels import Matern, WhiteKernel; from sklearn.model_selection import train_test_split; kernel = Matern(nu=2.5, length_scale_bounds=(1e-3, 1e3)) + WhiteKernel(noise_level_bounds=(1e-10, 1e1)); gp = GaussianProcessRegressor(kernel=kernel, n_restarts_optimizer=5); if len(X) > 20 and n_params > 10: _, X_sampled, _, y_sampled = train_test_split(X_encoded, y, test_size=0.7, random_state=seed); gp.fit(X_sampled, y_sampled); else: gp.fit(X_encoded, y); mu, std = gp.predict(X_encoded_inner, return_std=True)"
"f1c","Maximum Expected Improvement (EI)","Selects the optimal candidate by calculating Maximum EI (xi=0.01) using Gaussian Process predictions, handling zero standard deviation and picking the highest EI candidate.","xi = 0.01; X_encoded_inner = encoder.transform(X_inner); mu, std = gp_inner.predict(X_encoded_inner, return_std=True); mu_sample_opt = np.min(y_sample_inner); imp = mu - mu_sample_opt - xi; with np.errstate(divide='ignore'): Z = imp / std; ei = imp * norm.cdf(Z) + std * norm.pdf(Z); ei[std == 0.0] = 0.0; next_index = np.argmax(ei); current_candidate = candidates[next_index]"
"a1a","Pheromone Matrix","The core Ant Colony Optimization data structure, storing pheromone concentrations for each parameter-dimension value, initialized uniformly to 1.0.","pheromone_matrix = [[1.0 for _ in values] for values in independent_set]"
"d1a","Pheromone Volatilization and Addition","Balances ACO exploration (pheromone volatilization via 1-ρ) and exploitation (pheromone addition via Q/score) to guide optimal solution search.","for i in range(len(pheromone_matrix)): for j in range(len(pheromone_matrix[i])): pheromone_matrix[i][j] *= (1 - rho) for k in range(len(ant_solutions)): if ant_solutions[k][i] == independent_set[i][j]: score = ant_scores[k] if ant_scores[k] != 0 else 1e-10 pheromone_matrix[i][j] += Q / score"
"ee1a","Attraction Probability in Pheromone Matrix","Calculates ACO ant selection probabilities for parameter values, proportional to pheromone (α) and heuristic (β) values, then normalized for valid sampling.","for i, values in enumerate(independent_set): probabilities = [] total = 0.0 for j, value in enumerate(values): pheromone = pheromone_matrix[i][j] heuristic = 1.0 prob = (pheromone ** alpha) * (heuristic ** beta) probabilities.append(prob) total += prob probabilities = [p / total for p in probabilities] choice_idx = np.random.choice(len(values), p=probabilities) solution.append(values[choice_idx])"
"a2a","Covariance Matrix","The core CMA-ES data structure, characterizing solution space distribution features to generate new candidate solutions via multivariate normal sampling.","import cma; initial_mean = [0.5] * len(independent_set); initial_sigma = 0.3; es = cma.CMAEvolutionStrategy(initial_mean, initial_sigma, {'seed': seed, 'popsize': 4, 'maxiter': 1000000})"
"d2a","Update Mean Vector Covariance Matrix and Step Size","Iteratively updates CMA-ES core distribution parameters (mean, covariance, step size) based on candidate evaluation results to optimize search.","es.tell(current_valid_sols, current_valid_scores)"
"ee2a","Current Multivariate Normal Distribution Sampling","Generates CMA-ES candidate solutions by sampling from a multivariate normal distribution defined by the maintained mean and covariance matrix.","solutions = es.ask()"
"b1b","Gaussian Process","Constructs a Gaussian Process surrogate model with Matern (nu=2.5) (10 optimizer restarts) to approximate the objective function and predict performance uncertainty.","from sklearn.gaussian_process import GaussianProcessRegressor; from sklearn.gaussian_process.kernels import Matern; kernel = Matern (nu=2.5); gp = GaussianProcessRegressor (kernel=kernel, n_restarts_optimizer=10, random_state=seed); gp.fit (X, y); mu, std = gp.predict (X_candidate, return_std=True)"
"ed5a","Gini Importance After Sobol Sampling","Reduces search space dimensionality by first sampling via Sobol sequence, then selecting top Random Forest Gini importance parameters (per retention ratio).","from sklearn.ensemble import RandomForestRegressor; from scipy.stats.qmc import Sobol; sampler = Sobol (d=len (significant_params), scramble=True, seed=seed); samples = sampler.random_base2 (m=int (np.ceil (np.log2 (num_samples))))[:num_samples]; rf = RandomForestRegressor (n_estimators=100, random_state=seed); rf.fit (X, y); importances = rf.feature_importances_; num_keep = max (5, int (len (significant_params) * sa_alpha)); significant_indices = np.argsort (importances)[-num_keep:]; significant_params = [significant_params [i] for i in significant_indices]"
"f1b","Maximum Expected Improvement (EI)","Selects the optimal candidate by calculating Maximum EI using Gaussian Process predictions, with a small epsilon to avoid division by zero and picking the highest EI candidate.","from scipy.stats import norm; best_y = np.min (y) if len (y) > 0 else float ('inf'); ei = (best_y - mu) * norm.cdf ((best_y - mu) / (std + 1e-9)) + std * norm.pdf ((best_y - mu) / (std + 1e-9)); best_idx = np.argmax (ei); next_generated_config = generated_candidates [best_idx]"
"ee11a","Large-Scale Initial Population Construction","Constructs an initial population by selecting up to 10000 shuffled, deduplicated samples from the full set to form valid candidate solutions.","samples = file.all_set[:10000] if len(file.all_set) > 10000 else file.all_set;random.shuffle(samples);initial_pop = [];for sample in samples:; config = sample.decision; config_tuple = tuple(config); if config_tuple not in [tuple(c) for c in initial_pop]:; initial_pop.append(config);enough = max(1, int(np.sqrt(len(initial_pop))))"
"f4a","Recursively Retain High-Quality Subclusters","Recursively divides candidate sets into subclusters via east-west pole projection, retains high-quality subclusters, and continues until size/budget constraints are met.","def sway_recursive(items, budget_rem):; if len(items) < enough or budget_rem <= 0:; return items, 0; rand_item = get_valid_rep(items); rand_int = convert_to_int(rand_item); east = max(items, key=lambda x: euclidean(convert_to_int(x), rand_int)); east_int = convert_to_int(east); west = max(items, key=lambda x: euclidean(convert_to_int(x), east_int)); c = euclidean(east_int, convert_to_int(west)); if c == 0:; mid = len(items) // 2; west_items, east_items = items[:mid], items[mid:]; else:; projections = [(item, (euclidean(convert_to_int(item), convert_to_int(west))**2 + c**2 - euclidean(convert_to_int(item), east_int)**2)/(2*c)) for item in items]; projections.sort(key=lambda x: x[1]); mid = len(projections) // 2; west_items, east_items = [p[0] for p in projections[:mid]], [p[0] for p in projections[mid:]]; a_reps, b_reps, total_cost = west, east, 0; a_better_flag = False; if budget_rem >= 2:; a_better_flag, cost = better(a_reps, b_reps, budget_rem); total_cost += cost; budget_rem -= cost; keep_west, keep_east = True, True; if a_better_flag:; keep_east = False; else:; if budget_rem >= 2:; b_better_flag, cost = better(b_reps, a_reps, budget_rem); total_cost += cost; budget_rem -= cost; if b_better_flag:; keep_west = False; result = []; if keep_west and budget_rem > 0:; west_res, cost = sway_recursive(west_items, budget_rem); result.extend(west_res); total_cost += cost; budget_rem -= cost; if keep_east and budget_rem > 0:; east_res, cost = sway_recursive(east_items, budget_rem); result.extend(east_res); total_cost += cost; budget_rem -= cost; return result, total_cost"
"a4a","Rules","The core data carrier for feature-performance correlations, storing rules extracted from Random Forests and used for constrained sampling and high-quality candidate screening.","Rule = []; valid_rules = []; ACEs = []; def inner_in_rule (x, rule, f_names): for single in rule: k = f_names.index (single [0]); if single [2] == 'L': if float (x [k]) <= float (single [1]): continue; else: return False; else: if float (x [k]) > float (single [1]): continue; else: return False; return True"
"b2a","Random Forest","Acts as a surrogate model to fit configuration-performance mappings via ensemble decision trees, providing predictive support for expected improvement and candidate generation.","from sklearn.ensemble import RandomForestRegressor; def inner_model (train_independent, train_dependent): model = RandomForestRegressor (); model.fit (train_independent, train_dependent); return model; rf_model = RandomForestRegressor (n_estimators=10, min_samples_leaf=int (10 + sample_plus)); rf_model.fit (training_indep, training_dep)"
"d10a","Rule Generation and High-Quality Rule Screening","Extracts rules from Random Forest decision trees, calculates rule ACE via causal inference (FCI+DirectLiNGAM), and screens valid negative-ACE rules for constrained sampling.","from causallearn.search.ConstraintBased.FCI import fci; import lingam; def inner_get_tree_paths (tree, f_names): paths = []; stack = [(0, [])]; while stack: node_id, path = stack.pop (); feature_index = tree.tree_.feature [node_id]; threshold = tree.tree_.threshold [node_id]; if feature_index != -2: f_name = f_names [feature_index]; left_path = path + [(f_name, threshold, 'L')]; stack.append ((tree.tree_.children_left [node_id], left_path)); right_path = path + [(f_name, threshold, 'R')]; stack.append ((tree.tree_.children_right [node_id], right_path)); else: paths.append (path); return paths; def inner_get_adjacency_matrix (graph_obj): nodes = graph_obj.get_nodes (); node_count = len (nodes); adjacency_matrix = np.zeros ((node_count, node_count), dtype=int); node_index = {node: idx for idx, node in enumerate (nodes)}; for edge in graph_obj.get_graph_edges (): idx1 = node_index [edge.node1]; idx2 = node_index [edge.node2]; adjacency_matrix [idx1, idx2] = 1; return adjacency_matrix; g, _ = fci (data, show_progress=False, verbose=False); adjacency_matrix = inner_get_adjacency_matrix (g).T; prior_knowledge = adjacency_matrix; prior_knowledge [-1, :-1] = 1; prior_knowledge [-1, -1] = -1; lingam_model = lingam.DirectLiNGAM (prior_knowledge=prior_knowledge); lingam_model.fit (data); for k in range (len (labels) - 1): ACE = lingam_model.estimate_total_effect (data, k, len (labels) - 1); if ACE: valid_rules.append (all_path [k]); ACEs.append (ACE)"
"ee8a","Rule-Constrained Sampling","Generates candidate solutions conforming to screened valid rules (or random sampling if none exist), with batch generation and prediction-based screening to improve quality.","from itertools import product; def cold_x_generator (): return [random.choice (every_column [index]) for index in range (len (every_column))]; def dist_x_generator (): current_x = list (random.choice (new_list)); for idx in range (len (current_x)): if current_x [idx] == '': current_x [idx] = random.choice (every_column [idx]); return current_x; for index in range (len (valid_rules)): if ACEs [index] > 0: continue; results_rule = [[] for _ in range (len (header))]; single_rule = valid_rules [index]; for i, column_values, single_feature in zip (range (len (header)), every_column, header): tmp_left, tmp_right = [], []; for single_component in single_rule: if single_component [0] == single_feature: if single_component [2] == 'L': tmp_left.append (single_component [1]); else: tmp_right.append (single_component [1]); if tmp_left and tmp_right: results_rule [i] = [x for x in column_values if max (tmp_right) <= x <= min (tmp_left)]; elif tmp_left: results_rule [i] = [x for x in column_values if x <= min (tmp_left)]; elif tmp_right: results_rule [i] = [x for x in column_values if max (tmp_right) <= x]; for i in range (len (results_rule)): if not results_rule [i]: results_rule [i] = ['*']; elif len (results_rule [i]) > 10: results_rule [i] = random.sample (results_rule [i], 10); new_list = list (product (*results_rule))"
"f1a","Maximum Expected Improvement (EI)","Calculates candidate EI values (combining predicted mean/standard deviation) to measure improvement over current optima, selecting the top valid candidate for evaluation.","from scipy.stats import norm; def _inner_get_ei (pred, eta): def calculate_f (): z = (eta - m) /s; return (eta - m) * norm.cdf (z) + s * norm.pdf (z); pred_arr = np.array (pred).transpose (1, 0); m = np.mean (pred_arr, axis=1); s = np.std (pred_arr, axis=1); if np.any (s == 0.0): s_copy = np.copy (s); s [s_copy == 0.0] = 1.0; f = calculate_f (); f [s_copy == 0.0] = 0.0; else: f = calculate_f (); return f; value = _inner_get_ei (pred, result); merged_predicted_objectives = [[i, a] for a, i in zip (value, candidates)]; merged_predicted_objectives = sorted (merged_predicted_objectives, key=lambda x: x [1], reverse=True); best_solution = None; for x in merged_predicted_objectives: if x [0] not in training_indep: best_solution = x [0]; break"
"b3a","Decision Tree","Constructs a Decision Tree Regressor (no depth limit, fixed seed) as a surrogate model, trained on indexed historical configuration data to predict candidate performance.","from sklearn.tree import DecisionTreeRegressor; cart = DecisionTreeRegressor(max_depth=None, random_state=seed); cart.fit(X, y)"
"f2a","Minimum Decision Tree Prediction Value","Generates 100 unique random candidates, predicts their performance via Decision Tree, and selects the candidate with the minimum predicted value for evaluation.","candidates = []; while len(candidates) < 100: config = [random.choice(vals) for vals in independent_set]; if config not in xs: candidates.append(config); X_candidate = np.array([[param_value_to_idx[i][val] for i, val in enumerate(config)] for config in candidates]); preds = cart.predict(X_candidate); next_original = candidates[np.argmin(preds)]"
"b1a","Gaussian Process","Applies Yeo-Johnson transformation to objective values to mitigate heteroscedasticity and fits a Gaussian Process with Matern and WhiteNoise kernels.","y_trans, _ = yeojohnson(np.array(y_data)); kernel = ConstantKernel(1.0) * Matern(nu=2.5) + WhiteKernel(noise_level=1e-5); gp = GaussianProcessRegressor(kernel=kernel, n_restarts_optimizer=10); gp.fit(np.array(X_data), y_trans);"
"f6a","Pareto Front Actual Solution Selection","Selects the final configuration for evaluation from the Pareto front of EI, PI, and UCB using a random hedging strategy.","problem = Problem(n_var=dim, n_obj=3, xl=0.0, xu=1.0); problem._evaluate = lambda x, out: out.set('F', np.column_stack(get_robust_acq(x, gp, best_y_trans))); res = minimize(problem, NSGA2(pop_size=50)); suggested_x = res.X[np.random.choice(len(res.X))];"
"d16a","Robust Monte Carlo Acquisition Balance","Balances exploration and exploitation by calculating the expectation of multiple acquisition functions under input perturbations (K=8).","def get_robust_acq(X, gp, best_y, K=8): for _ in range(K): X_p = np.clip(X + np.random.normal(0, 0.02, X.shape), 0, 1); mu, std = gp.predict(X_p, return_std=True); # returns mean of -ei, -pi, ucb"
"eb5a","Polynomial Mutation for Acquisition Search","Executes polynomial mutation within the NSGA-II loop to generate diverse candidate configurations in the continuous warped space.","algorithm = NSGA2(pop_size=50, mutation=PM(prob=0.1, eta=20)); # Built-in in pymoo.minimize"
"ec5a","Simulated Binary Crossover for Acquisition Search","Uses SBX crossover to recombine features of high-performing configurations to explore promising regions during candidate generation.","algorithm = NSGA2(pop_size=50, crossover=SBX(prob=0.9, eta=15)); # Built-in in pymoo.minimize"
"ee15a","Kumaraswamy Input Warping Sampling","Maps categorical indices to a continuous latent space using the Kumaraswamy distribution to handle non-stationarity in the input space.","def encode_config(config_array): x = cats.index(val) / max(1, len(cats)-1); warped = 1 - (1 - x**2.0)**2.0; return warped;"
